{"stat.flyOneCm":93810,"stat.killEntity.Skeleton":4,"stat.useItem.12":14,"stat.walkOneCm":31064,"stat.drop":10,"stat.useItem.50":8,"stat.jump":43,"stat.swimOneCm":455,"stat.playOneMinute":7880,"stat.useItem.1":27,"achievement.openInventory":3,"stat.killEntity.Sheep":4,"stat.killEntity.Chicken":3,"stat.killEntity.Spider":8,"stat.damageDealt":110,"stat.killEntity.Zombie":8,"stat.mobKills":37,"stat.killEntity.Pig":5,"achievement.exploreAllBiomes":{"value":0,"progress":["Beach","Forest","Plains","Deep Ocean"]},"stat.killEntity.Creeper":4,"stat.diveOneCm":2712}